{
  "parent": "minecraft:recipes/root",
  "criteria": {
    "has_azure_bluet": {
      "trigger": "minecraft:inventory_changed",
      "conditions": {
        "player": {
          "team": "Engineers"
        },
        "items": [
          {
            "items": [
              "minecraft:azure_bluet"
            ]
          }
        ]
      }
    },
    "has_the_recipe": {
      "trigger": "minecraft:recipe_unlocked",
      "conditions": {
        "recipe": "minecraft:light_gray_dye_from_azure_bluet"
      }
    }
  },
  "requirements": [
    [
      "has_azure_bluet",
      "has_the_recipe"
    ]
  ],
  "rewards": {
    "recipes": [
      "minecraft:light_gray_dye_from_azure_bluet"
    ]
  }
}
