{
  "parent": "minecraft:recipes/root",
  "criteria": {
    "has_raw_iron_block": {
      "trigger": "minecraft:inventory_changed",
      "conditions": {
        "player": {
          "team": "Miners"
        },
        "items": [
          {
            "items": [
              "minecraft:raw_iron_block"
            ]
          }
        ]
      }
    },
    "has_the_recipe": {
      "trigger": "minecraft:recipe_unlocked",
      "conditions": {
        "recipe": "minecraft:raw_iron"
      }
    }
  },
  "requirements": [
    [
      "has_raw_iron_block",
      "has_the_recipe"
    ]
  ],
  "rewards": {
    "recipes": [
      "minecraft:raw_iron"
    ]
  }
}
