{
  "parent": "minecraft:recipes/root",
  "criteria": {
    "has_quartz": {
      "trigger": "minecraft:inventory_changed",
      "conditions": {
        "player": {
          "team": "Engineers"
        },
        "items": [
          {
            "items": [
              "minecraft:quartz"
            ]
          }
        ]
      }
    },
    "has_the_recipe": {
      "trigger": "minecraft:recipe_unlocked",
      "conditions": {
        "recipe": "minecraft:daylight_detector"
      }
    }
  },
  "requirements": [
    [
      "has_quartz",
      "has_the_recipe"
    ]
  ],
  "rewards": {
    "recipes": [
      "minecraft:daylight_detector"
    ]
  }
}
