{
  "parent": "minecraft:recipes/root",
  "criteria": {
    "has_iron_ingot": {
      "trigger": "minecraft:inventory_changed",
      "conditions": {
        "player": {
          "team": "Blacksmithing"
        },
        "items": [
          {
            "items": [
              "minecraft:iron_ingot"
            ]
          }
        ]
      }
    },
    "has_the_recipe": {
      "trigger": "minecraft:recipe_unlocked",
      "conditions": {
        "recipe": "minecraft:iron_trapdoor"
      }
    }
  },
  "requirements": [
    [
      "has_iron_ingot",
      "has_the_recipe"
    ]
  ],
  "rewards": {
    "recipes": [
      "minecraft:iron_trapdoor"
    ]
  }
}
