{
  "parent": "minecraft:recipes/root",
  "criteria": {
    "has_water_bucket": {
      "trigger": "minecraft:inventory_changed",
      "conditions": {
        "player": {
          "team": "Oceanic"
        },
        "items": [
          {
            "items": [
              "minecraft:water_bucket"
            ]
          }
        ]
      }
    },
    "has_the_recipe": {
      "trigger": "minecraft:recipe_unlocked",
      "conditions": {
        "recipe": "minecraft:cauldron"
      }
    }
  },
  "requirements": [
    [
      "has_water_bucket",
      "has_the_recipe"
    ]
  ],
  "rewards": {
    "recipes": [
      "minecraft:cauldron"
    ]
  }
}
