{
  "parent": "minecraft:recipes/root",
  "criteria": {
    "has_mushroom_stew": {
      "trigger": "minecraft:inventory_changed",
      "conditions": {
        "player": {
          "team": "Agriculture"
        },
        "items": [
          {
            "items": [
              "minecraft:mushroom_stew"
            ]
          }
        ]
      }
    },
    "has_bowl": {
      "trigger": "minecraft:inventory_changed",
      "conditions": {
        "player": {
          "team": "Agriculture"
        },
        "items": [
          {
            "items": [
              "minecraft:bowl"
            ]
          }
        ]
      }
    },
    "has_brown_mushroom": {
      "trigger": "minecraft:inventory_changed",
      "conditions": {
        "player": {
          "team": "Agriculture"
        },
        "items": [
          {
            "items": [
              "minecraft:brown_mushroom"
            ]
          }
        ]
      }
    },
    "has_red_mushroom": {
      "trigger": "minecraft:inventory_changed",
      "conditions": {
        "player": {
          "team": "Agriculture"
        },
        "items": [
          {
            "items": [
              "minecraft:red_mushroom"
            ]
          }
        ]
      }
    },
    "has_the_recipe": {
      "trigger": "minecraft:recipe_unlocked",
      "conditions": {
        "recipe": "minecraft:mushroom_stew"
      }
    }
  },
  "requirements": [
    [
      "has_mushroom_stew",
      "has_bowl",
      "has_brown_mushroom",
      "has_red_mushroom",
      "has_the_recipe"
    ]
  ],
  "rewards": {
    "recipes": [
      "minecraft:mushroom_stew"
    ]
  }
}
