{
    "parent": "minecraft:recipes/root",
    "criteria": {
      "has_prismarine_shard": {
        "trigger": "minecraft:inventory_changed",
        "conditions": {
          "player": {
            "team": "Oceanic"
          },
          "items": [
            {
              "items": [
                "minecraft:prismarine_shard"
              ]
            }
          ]
        }
      },
      "has_the_recipe": {
        "trigger": "minecraft:recipe_unlocked",
        "conditions": {
          "recipe": "minecraft:dark_prismarine"
        }
      }
    },
    "requirements": [
      [
        "has_prismarine_shard",
        "has_the_recipe"
      ]
    ],
    "rewards": {
      "recipes": [
        "minecraft:dark_prismarine"
      ]
    }
  }
  