{
    "parent": "minecraft:recipes/root",
    "criteria": {
      "has_glass": {
        "trigger": "minecraft:inventory_changed",
        "conditions": {
          "player": {
            "team": "Engineers"
          },
          "items": [
            {
              "items": [
                "minecraft:glass"
              ]
            }
          ]
        }
      },
      "has_the_recipe": {
        "trigger": "minecraft:recipe_unlocked",
        "conditions": {
          "recipe": "minecraft:orange_stained_glass"
        }
      }
    },
    "requirements": [
      [
        "has_glass",
        "has_the_recipe"
      ]
    ],
    "rewards": {
      "recipes": [
        "minecraft:orange_stained_glass"
      ]
    }
  }
  