{
    "parent": "minecraft:recipes/root",
    "criteria": {
      "has_chiseled_quartz_block": {
        "trigger": "minecraft:inventory_changed",
        "conditions": {
          "player": {
            "team": "Nethergang"
          },
          "items": [
            {
              "items": [
                "minecraft:chiseled_quartz_block"
              ]
            }
          ]
        }
      },
      "has_quartz_block": {
        "trigger": "minecraft:inventory_changed",
        "conditions": {
          "items": [
            {
              "items": [
                "minecraft:quartz_block"
              ]
            }
          ]
        }
      },
      "has_quartz_pillar": {
        "trigger": "minecraft:inventory_changed",
        "conditions": {
          "items": [
            {
              "items": [
                "minecraft:quartz_pillar"
              ]
            }
          ]
        }
      },
      "has_the_recipe": {
        "trigger": "minecraft:recipe_unlocked",
        "conditions": {
          "recipe": "minecraft:quartz_slab"
        }
      }
    },
    "requirements": [
      [
        "has_chiseled_quartz_block",
        "has_quartz_block",
        "has_quartz_pillar",
        "has_the_recipe"
      ]
    ],
    "rewards": {
      "recipes": [
        "minecraft:quartz_slab"
      ]
    }
  }
  