{
  "parent": "minecraft:recipes/root",
  "criteria": {
    "has_sand": {
      "trigger": "minecraft:inventory_changed",
      "conditions": {
        "player": {
          "team": "Engineers"
        },
        "items": [
          {
            "items": [
              "minecraft:sand"
            ]
          }
        ]
      }
    },
    "has_gravel": {
      "trigger": "minecraft:inventory_changed",
      "conditions": {
        "player": {
          "team": "Engineers"
        },
        "items": [
          {
            "items": [
              "minecraft:gravel"
            ]
          }
        ]
      }
    },
    "has_the_recipe": {
      "trigger": "minecraft:recipe_unlocked",
      "conditions": {
        "recipe": "minecraft:yellow_concrete_powder"
      }
    }
  },
  "requirements": [
    [
      "has_sand",
      "has_gravel",
      "has_the_recipe"
    ]
  ],
  "rewards": {
    "recipes": [
      "minecraft:yellow_concrete_powder"
    ]
  }
}
