{
    "parent": "minecraft:recipes/root",
    "criteria": {
      "has_white_carpet": {
        "trigger": "minecraft:inventory_changed",
        "conditions": {
          "player": {
            "team": "Engineers"
          },
          "items": [
            {
              "items": [
                "minecraft:white_carpet"
              ]
            }
          ]
        }
      },
      "has_black_dye": {
        "trigger": "minecraft:inventory_changed",
        "conditions": {
          "items": [
            {
              "items": [
                "minecraft:black_dye"
              ]
            }
          ]
        }
      },
      "has_the_recipe": {
        "trigger": "minecraft:recipe_unlocked",
        "conditions": {
          "recipe": "minecraft:black_carpet_from_white_carpet"
        }
      }
    },
    "requirements": [
      [
        "has_white_carpet",
        "has_black_dye",
        "has_the_recipe"
      ]
    ],
    "rewards": {
      "recipes": [
        "minecraft:black_carpet_from_white_carpet"
      ]
    }
  }
  