{
  "parent": "minecraft:recipes/root",
  "criteria": {
    "has_netherite_ingot": {
      "trigger": "minecraft:inventory_changed",
      "conditions": {
        "player": {
          "team": "Nethergang"
        },
        "items": [
          {
            "items": [
              "minecraft:netherite_ingot"
            ]
          }
        ]
      }
    },
    "has_the_recipe": {
      "trigger": "minecraft:recipe_unlocked",
      "conditions": {
        "recipe": "minecraft:lodestone"
      }
    }
  },
  "requirements": [
    [
      "has_netherite_ingot",
      "has_the_recipe"
    ]
  ],
  "rewards": {
    "recipes": [
      "minecraft:lodestone"
    ]
  }
}
