{
  "parent": "minecraft:recipes/root",
  "criteria": {
    "has_wool": {
      "trigger": "minecraft:inventory_changed",
      "conditions": {
        "player": {
          "team": "Engineers"
        },
        "items": [
          {
            "tag": "minecraft:wool"
          }
        ]
      }
    },
    "has_the_recipe": {
      "trigger": "minecraft:recipe_unlocked",
      "conditions": {
        "recipe": "minecraft:painting"
      }
    }
  },
  "requirements": [
    [
      "has_wool",
      "has_the_recipe"
    ]
  ],
  "rewards": {
    "recipes": [
      "minecraft:painting"
    ]
  }
}
