{
  "parent": "minecraft:recipes/root",
  "criteria": {
    "has_glass_pane": {
      "trigger": "minecraft:inventory_changed",
      "conditions": {
        "player": {
          "team": "Engineers"
        },
        "items": [
          {
            "items": [
              "minecraft:glass_pane"
            ]
          }
        ]
      }
    },
    "has_yellow_dye": {
      "trigger": "minecraft:inventory_changed",
      "conditions": {
        "items": [
          {
            "items": [
              "minecraft:yellow_dye"
            ]
          }
        ]
      }
    },
    "has_the_recipe": {
      "trigger": "minecraft:recipe_unlocked",
      "conditions": {
        "recipe": "minecraft:yellow_stained_glass_pane_from_glass_pane"
      }
    }
  },
  "requirements": [
    [
      "has_glass_pane",
      "has_yellow_dye",
      "has_the_recipe"
    ]
  ],
  "rewards": {
    "recipes": [
      "minecraft:yellow_stained_glass_pane_from_glass_pane"
    ]
  }
}
