{"stats":{"minecraft:custom":{"minecraft:time_since_rest":104924,"minecraft:sprint_one_cm":28320,"minecraft:walk_one_cm":156980,"minecraft:drop":1,"minecraft:interact_with_beacon":3,"minecraft:fly_one_cm":402493,"minecraft:open_barrel":1,"minecraft:open_chest":3,"minecraft:crouch_one_cm":5269,"minecraft:play_time":104924,"minecraft:sneak_time":5575,"minecraft:walk_under_water_one_cm":5033,"minecraft:leave_game":1,"minecraft:jump":262,"minecraft:walk_on_water_one_cm":117,"minecraft:time_since_death":104924,"minecraft:total_world_time":104924},"minecraft:used":{"minecraft:deepslate_emerald_ore":20,"minecraft:deepslate_brick_wall":96,"minecraft:light_blue_candle":14,"minecraft:sticky_piston":31,"minecraft:piston":4,"minecraft:netherite_block":18,"minecraft:waxed_oxidized_copper":3,"minecraft:lever":7,"minecraft:sea_lantern":175,"minecraft:iron_bars":4,"minecraft:amethyst_block":157,"minecraft:crimson_fence":6,"minecraft:polished_deepslate":340,"minecraft:redstone":119,"minecraft:polished_blackstone":5,"minecraft:warped_fence":1,"minecraft:chest":2,"minecraft:red_candle":15,"minecraft:redstone_block":76,"minecraft:deepslate_gold_ore":29,"minecraft:beacon":5,"minecraft:deepslate":133,"minecraft:crimson_nylium":33,"minecraft:deepslate_diamond_ore":28,"minecraft:polished_deepslate_slab":67,"minecraft:coal_block":46,"minecraft:diamond_block":29,"minecraft:repeater":30,"minecraft:sand":1,"minecraft:black_stained_glass":18,"minecraft:emerald_block":41,"minecraft:dark_oak_fence":20,"minecraft:deepslate_redstone_ore":10,"minecraft:white_stained_glass":265,"minecraft:deepslate_coal_ore":11,"minecraft:bucket":6,"minecraft:chain":31,"minecraft:black_candle":11,"minecraft:gold_block":26,"minecraft:yellow_candle":18,"minecraft:cobbled_deepslate":554,"minecraft:observer":6,"minecraft:redstone_torch":42,"minecraft:polished_deepslate_stairs":39,"minecraft:lime_candle":10},"minecraft:dropped":{"minecraft:redstone_torch":1},"minecraft:picked_up":{"minecraft:repeater":2,"minecraft:redstone":7,"minecraft:lever":1,"minecraft:redstone_torch":21,"minecraft:bread":1189}},"DataVersion":2730}