{"stats":{"minecraft:killed":{"minecraft:creeper":1,"minecraft:pufferfish":2,"minecraft:enderman":2},"minecraft:dropped":{"minecraft:barrier":1,"minecraft:amethyst_block":1,"minecraft:polished_blackstone_button":7,"minecraft:redstone_torch":3,"minecraft:chain":2,"minecraft:sand":1,"minecraft:polished_deepslate":3},"minecraft:used":{"minecraft:deepslate_brick_wall":103,"minecraft:light_blue_stained_glass_pane":1,"minecraft:water_bucket":484,"minecraft:netherite_sword":9,"minecraft:end_rod":36,"minecraft:iron_bars":2,"minecraft:amethyst_block":22,"minecraft:crimson_fence":28,"minecraft:polished_deepslate":88,"minecraft:flint_and_steel":63,"minecraft:red_stained_glass":1,"minecraft:redstone":13,"minecraft:polished_blackstone":10,"minecraft:chest":3,"minecraft:tinted_glass":15,"minecraft:stone":212,"minecraft:redstone_block":1,"minecraft:magenta_stained_glass":2,"minecraft:beacon":78,"minecraft:structure_block":5,"minecraft:netherrack":4,"minecraft:orange_stained_glass":1,"minecraft:respawn_anchor":1,"minecraft:dirt":3,"minecraft:soul_sand":1,"minecraft:sand":7,"minecraft:crimson_trapdoor":141,"minecraft:blue_stained_glass":97,"minecraft:deepslate_redstone_ore":1,"minecraft:yellow_candle":7,"minecraft:blackstone_wall":1,"minecraft:weeping_vines":17,"minecraft:lightning_rod":1,"minecraft:cyan_stained_glass":1,"minecraft:purple_stained_glass_pane":13,"minecraft:deepslate_tile_wall":19,"minecraft:shroomlight":85,"minecraft:redstone_torch":9,"minecraft:purple_stained_glass":4,"minecraft:light_blue_candle":17,"minecraft:sticky_piston":11,"minecraft:glass":36,"minecraft:netherite_block":153,"minecraft:light":138,"minecraft:black_concrete":1,"minecraft:lava_bucket":64,"minecraft:light_gray_stained_glass":12,"minecraft:black_stained_glass_pane":12,"minecraft:command_block":10,"minecraft:cracked_polished_blackstone_bricks":8,"minecraft:yellow_stained_glass":1,"minecraft:grass_block":296,"minecraft:barrier":326,"minecraft:slime_block":23,"minecraft:red_candle":21,"minecraft:polished_blackstone_brick_stairs":25,"minecraft:deepslate":3,"minecraft:gravel":257,"minecraft:barrel":4,"minecraft:soul_lantern":46,"minecraft:bedrock":4,"minecraft:repeater":19,"minecraft:glowstone":11,"minecraft:red_stained_glass_pane":1,"minecraft:black_stained_glass":173,"minecraft:pufferfish_bucket":2,"minecraft:cobbled_deepslate_slab":2,"minecraft:emerald_block":2,"minecraft:soul_soil":1,"minecraft:lime_stained_glass":1,"minecraft:white_stained_glass_pane":1,"minecraft:pink_stained_glass":1,"minecraft:white_stained_glass":133,"minecraft:deepslate_coal_ore":1,"minecraft:bucket":11,"minecraft:chain":97,"minecraft:gold_block":1,"minecraft:black_candle":15,"minecraft:polished_blackstone_button":6,"minecraft:cobbled_deepslate":19,"minecraft:orange_stained_glass_pane":1,"minecraft:polished_blackstone_stairs":5,"minecraft:lime_candle":15,"minecraft:pointed_dripstone":15},"minecraft:custom":{"minecraft:mob_kills":5,"minecraft:open_barrel":1,"minecraft:leave_game":8,"minecraft:time_since_death":76258,"minecraft:damage_resisted":12,"minecraft:climb_one_cm":1113,"minecraft:time_since_rest":76300,"minecraft:sprint_one_cm":209863,"minecraft:damage_taken":5108,"minecraft:walk_one_cm":375344,"minecraft:drop":18,"minecraft:damage_dealt":886,"minecraft:interact_with_beacon":33,"minecraft:swim_one_cm":945,"minecraft:fly_one_cm":2120223,"minecraft:crouch_one_cm":16638,"minecraft:play_time":359445,"minecraft:deaths":5,"minecraft:sneak_time":18154,"minecraft:walk_under_water_one_cm":363665,"minecraft:jump":1317,"minecraft:walk_on_water_one_cm":62440,"minecraft:total_world_time":359445,"minecraft:horse_one_cm":3652,"minecraft:fall_one_cm":47832},"minecraft:picked_up":{"minecraft:barrier":1,"minecraft:glow_ink_sac":1,"minecraft:lily_pad":2,"minecraft:chain":2,"minecraft:light":1,"minecraft:gunpowder":2,"minecraft:pufferfish":2,"minecraft:wheat_seeds":3,"minecraft:redstone_torch":3,"minecraft:gravel":2,"minecraft:pointed_dripstone":3,"minecraft:grass_block":1,"minecraft:arrow":1,"minecraft:rotten_flesh":3,"minecraft:diamond":6,"minecraft:soul_lantern":10,"minecraft:polished_blackstone_button":40,"minecraft:bread":219,"minecraft:ender_pearl":1}},"DataVersion":2730}