{"stats":{"minecraft:mined":{"minecraft:poppy":1,"minecraft:oak_leaves":1},"minecraft:custom":{"minecraft:time_since_rest":113234,"minecraft:sprint_one_cm":288300,"minecraft:damage_taken":120,"minecraft:walk_one_cm":84845,"minecraft:mob_kills":3,"minecraft:drop":8,"minecraft:damage_dealt":719,"minecraft:swim_one_cm":26248,"minecraft:fly_one_cm":2558003,"minecraft:open_chest":1,"minecraft:crouch_one_cm":2392,"minecraft:play_time":131872,"minecraft:deaths":1,"minecraft:sneak_time":5213,"minecraft:walk_under_water_one_cm":48541,"minecraft:jump":2802,"minecraft:leave_game":2,"minecraft:walk_on_water_one_cm":6596,"minecraft:time_since_death":113188,"minecraft:climb_one_cm":254,"minecraft:total_world_time":131872,"minecraft:fall_one_cm":4286,"minecraft:horse_one_cm":2691},"minecraft:used":{"minecraft:deepslate_tile_wall":1,"minecraft:deepslate_brick_wall":20,"minecraft:black_terracotta":9,"minecraft:glass":2,"minecraft:netherite_block":28,"minecraft:blue_terracotta":6,"minecraft:sea_lantern":118,"minecraft:polished_deepslate":88,"minecraft:redstone_block":8,"minecraft:green_terracotta":10,"minecraft:diamond_sword":3,"minecraft:diamond_block":29,"minecraft:spyglass":22,"minecraft:cobblestone":64,"minecraft:yellow_terracotta":6,"minecraft:black_stained_glass":1,"minecraft:emerald_block":27,"minecraft:white_stained_glass":1,"minecraft:gold_block":23,"minecraft:chain":7,"minecraft:pink_terracotta":7,"minecraft:cobbled_deepslate":25,"minecraft:axolotl_bucket":2},"minecraft:killed":{"minecraft:creeper":2},"minecraft:dropped":{"minecraft:magenta_stained_glass":2,"minecraft:netherite_block":1,"minecraft:cobblestone":256,"minecraft:deepslate_tile_wall":1,"minecraft:acacia_stairs":2},"minecraft:picked_up":{"minecraft:axolotl_bucket":1,"minecraft:gunpowder":3,"minecraft:netherite_block":1,"minecraft:bread":320,"minecraft:poppy":2,"minecraft:deepslate_tile_wall":1,"minecraft:cobblestone":1111}},"DataVersion":2730}