{"stats":{"minecraft:killed":{"minecraft:magma_cube":4},"minecraft:dropped":{"minecraft:lever":1,"minecraft:light":1},"minecraft:used":{"minecraft:deepslate_tile_wall":3,"minecraft:redstone_torch":7,"minecraft:purple_stained_glass":3,"minecraft:crimson_button":1,"minecraft:netherite_block":3,"minecraft:glass":64,"minecraft:water_bucket":143,"minecraft:lever":3,"minecraft:light":192,"minecraft:black_concrete":1,"minecraft:lava_bucket":6,"minecraft:command_block":23,"minecraft:cracked_polished_blackstone_bricks":4,"minecraft:red_concrete":1,"minecraft:barrier":99,"minecraft:cyan_bed":3,"minecraft:map":1,"minecraft:oak_sign":3,"minecraft:stone_button":15,"minecraft:netherite_axe":4,"minecraft:chest":8,"minecraft:stone":19,"minecraft:polished_blackstone_brick_stairs":2,"minecraft:redstone_block":17,"minecraft:beacon":4,"minecraft:netherrack":4,"minecraft:polished_blackstone_bricks":1,"minecraft:anvil":1,"minecraft:comparator":1,"minecraft:black_stained_glass":3,"minecraft:emerald_block":4,"minecraft:tnt":1,"minecraft:white_stained_glass":1,"minecraft:bucket":21,"minecraft:repeating_command_block":2},"minecraft:custom":{"minecraft:time_since_rest":176117,"minecraft:sprint_one_cm":442521,"minecraft:walk_one_cm":294468,"minecraft:mob_kills":4,"minecraft:interact_with_anvil":1,"minecraft:drop":2,"minecraft:damage_dealt":90,"minecraft:interact_with_beacon":4,"minecraft:swim_one_cm":5644,"minecraft:fly_one_cm":3116277,"minecraft:open_chest":28,"minecraft:crouch_one_cm":6487,"minecraft:play_time":527689,"minecraft:deaths":14,"minecraft:sneak_time":5520,"minecraft:walk_under_water_one_cm":86971,"minecraft:jump":2784,"minecraft:leave_game":10,"minecraft:time_since_death":176073,"minecraft:walk_on_water_one_cm":86471,"minecraft:sleep_in_bed":1,"minecraft:total_world_time":527689,"minecraft:climb_one_cm":124},"minecraft:picked_up":{"minecraft:iron_chestplate":3,"minecraft:stone":2049,"minecraft:emerald_block":32,"minecraft:anvil":10,"minecraft:diamond_sword":1,"minecraft:gilded_blackstone":2,"minecraft:ancient_debris":5,"minecraft:pointed_dripstone":20,"minecraft:end_crystal":64,"minecraft:crying_obsidian":68,"minecraft:lapis_block":12,"minecraft:iron_leggings":3,"minecraft:leather_boots":1,"minecraft:arrow":65,"minecraft:experience_bottle":16,"minecraft:diamond_chestplate":1,"minecraft:diamond":68,"minecraft:diamond_leggings":1,"minecraft:lever":1,"minecraft:iron_helmet":3,"minecraft:hay_block":84,"minecraft:crossbow":2,"minecraft:iron_ingot":64,"minecraft:diamond_axe":1,"minecraft:glowstone":7,"minecraft:redstone_torch":4,"minecraft:golden_apple":22,"minecraft:bookshelf":8,"minecraft:baked_potato":64,"minecraft:cod":1,"minecraft:iron_boots":3,"minecraft:ender_pearl":16}},"DataVersion":2730}