{"stats":{"minecraft:custom":{"minecraft:jump":131,"minecraft:time_since_rest":15100,"minecraft:leave_game":1,"minecraft:crouch_one_cm":1659,"minecraft:walk_on_water_one_cm":24,"minecraft:sprint_one_cm":17576,"minecraft:play_time":15100,"minecraft:damage_taken":20,"minecraft:time_since_death":15100,"minecraft:walk_one_cm":26877,"minecraft:sneak_time":1080,"minecraft:climb_one_cm":48,"minecraft:total_world_time":15100,"minecraft:walk_under_water_one_cm":146,"minecraft:drop":1,"minecraft:fall_one_cm":484,"minecraft:fly_one_cm":115553,"minecraft:open_chest":3},"minecraft:used":{"minecraft:redstone_torch":7,"minecraft:bow":16},"minecraft:dropped":{"minecraft:black_stained_glass":1},"minecraft:picked_up":{"minecraft:redstone_torch":6}},"DataVersion":2730}